umbrella-term,other-term-1,other-term-2,other-term-3,other-term-4,other-term-5,other-term-6,other-term-7,other-term-8,other-term-9,other-term-10,other-term-11
soil health,healthy soil,soilhealth,healthysoil,,,,,,,,
soil quality,soilquality,,,,,,,,,,
soil fertility,soilfertility,,,,,,,,,,
regenerative agriculture,regenerativeagriculture,,,,,,,,,,
conservation agriculture,conservationagriculture,conservationag,,,,,,,,,
cover crop,cover cropping,cover crops,covercrop,covercropping,covercrops,,,,,,
conservation tillage,no till,reduced till,reduced tillage,no tillage,notill,reducedtill,reducedtillage,notillage,conservationtillage,conservationtill,conservation till
rangeland health,healthy rangelands,rangelandhealth,healthyrangelands,,,,,,,,
soil health card,soil health cards,soilhealthcard,soilhealthcards,,,,,,,,
soil health institute,,,,,,,,,,,
soil health partnership,,,,,,,,,,,
soil organic matter,,,,,,,,,,,
soil carbon,,,,,,,,,,,
aggregate stability,,,,,,,,,,,
microbial biomass,,,,,,,,,,,
crop rotation,,,,,,,,,,,
crop insurance,,,,,,,,,,,
climate change,,,,,,,,,,,
food security,,,,,,,,,,,
Narendra Modi,narendramodi,narendra,modi,,,,,,,,